{
  "best_model_name": "Linear SVM",
  "metrics": {
    "accuracy": 0.988795518207283,
    "precision": 0.9946686976389947,
    "recall": 0.9871504157218443,
    "f1_score": 0.9908952959028832
  }
}